{
  "Total" : {
    "transaction" : "Total",
    "sampleCount" : 20,
    "errorCount" : 0,
    "errorPct" : 0.0,
    "meanResTime" : 1020.6999999999999,
    "medianResTime" : 782.5,
    "minResTime" : 277.0,
    "maxResTime" : 2202.0,
    "pct1ResTime" : 2077.7000000000003,
    "pct2ResTime" : 2196.25,
    "pct3ResTime" : 2202.0,
    "throughput" : 8.016032064128256,
    "receivedKBytesPerSec" : 3.3778494488977953,
    "sentKBytesPerSec" : 2.3210483466933867
  },
  "HTTP Request" : {
    "transaction" : "HTTP Request",
    "sampleCount" : 20,
    "errorCount" : 0,
    "errorPct" : 0.0,
    "meanResTime" : 1020.6999999999999,
    "medianResTime" : 782.5,
    "minResTime" : 277.0,
    "maxResTime" : 2202.0,
    "pct1ResTime" : 2077.7000000000003,
    "pct2ResTime" : 2196.25,
    "pct3ResTime" : 2202.0,
    "throughput" : 8.016032064128256,
    "receivedKBytesPerSec" : 3.3778494488977953,
    "sentKBytesPerSec" : 2.3210483466933867
  }
}